id,nazwa,data_godzina_eksportu,nazwa_uzytkownika,lokal
1,Test,2022-11-01 14:14:13,User 6,Lokal 2
2,Test,2023-02-07 15:15:11,User 9,Lokal 6
3,Test,2023-07-04 10:45:36,User 9,Lokal 2
4,Test,2022-08-07 23:19:23,User 3,Lokal 4
5,Test,2022-07-17 15:29:37,User 8,Lokal 8
6,Test,2023-10-19 18:21:28,User 9,Lokal 10
7,Test,2023-01-06 18:37:56,User 9,Lokal 4
8,Test,2022-04-10 05:18:09,User 6,Lokal 4
9,Test,2022-06-29 07:09:11,User 3,Lokal 3
10,Test,2022-10-22 06:04:29,User 9,Lokal 10
11,Test,2023-02-22 12:29:47,User 8,Lokal 3
12,Test,2023-03-18 08:24:25,User 3,Lokal 1
13,Test,2022-11-10 13:16:37,User 2,Lokal 9
14,Test,2023-03-20 02:46:24,User 6,Lokal 1
15,Test,2022-01-11 17:38:53,User 6,Lokal 5
16,Test,2022-10-29 08:48:33,User 7,Lokal 6
17,Test,2022-09-02 10:12:58,User 10,Lokal 10
18,Test,2023-11-30 07:39:52,User 3,Lokal 9
19,Test,2023-01-23 00:55:47,User 9,Lokal 10
20,Test,2023-02-11 20:51:30,User 7,Lokal 4
21,Test,2022-10-22 22:44:05,User 2,Lokal 9
22,Test,2022-11-27 04:01:57,User 3,Lokal 1
23,Test,2023-12-26 09:13:39,User 4,Lokal 6
24,Test,2022-05-09 12:35:28,User 3,Lokal 4
25,Test,2022-09-19 16:33:24,User 6,Lokal 4
26,Test,2023-12-02 18:34:22,User 10,Lokal 7
27,Test,2022-01-23 14:06:58,User 9,Lokal 9
28,Test,2023-05-30 18:42:44,User 7,Lokal 10
29,Test,2022-09-09 16:18:42,User 2,Lokal 2
30,Test,2023-09-22 00:13:25,User 4,Lokal 3
31,Test,2023-08-16 12:12:01,User 4,Lokal 2
32,Test,2022-12-26 19:52:40,User 8,Lokal 7
33,Test,2023-12-14 23:15:35,User 2,Lokal 6
34,Test,2022-01-02 15:31:01,User 4,Lokal 7
35,Test,2023-09-29 22:27:34,User 6,Lokal 6
36,Test,2023-12-04 18:35:38,User 8,Lokal 7
37,Test,2022-09-10 05:33:55,User 8,Lokal 7
38,Test,2023-06-15 07:34:30,User 7,Lokal 4
39,Test,2022-08-18 10:09:51,User 7,Lokal 3
40,Test,2023-08-09 04:09:12,User 9,Lokal 8
41,Test,2022-08-21 01:10:22,User 10,Lokal 2
42,Test,2023-11-01 15:57:01,User 6,Lokal 8
43,Test,2022-09-28 00:00:43,User 10,Lokal 8
44,Test,2023-12-28 04:34:32,User 5,Lokal 5
45,Test,2023-01-22 20:00:16,User 2,Lokal 10
46,Test,2022-12-04 16:13:56,User 7,Lokal 3
47,Test,2022-12-24 09:56:41,User 3,Lokal 3
48,Test,2022-12-20 16:40:41,User 1,Lokal 5
49,Test,2023-09-12 13:23:58,User 4,Lokal 2
50,Test,2022-01-21 17:32:28,User 10,Lokal 7
51,Test,2023-01-27 05:19:43,User 10,Lokal 8
52,Test,2022-08-16 08:21:58,User 8,Lokal 4
53,Test,2023-02-05 05:02:06,User 2,Lokal 8
54,Test,2022-06-08 11:21:13,User 7,Lokal 3
55,Test,2022-04-21 03:19:24,User 2,Lokal 5
56,Test,2022-04-30 21:56:09,User 4,Lokal 2
57,Test,2022-01-24 04:01:13,User 5,Lokal 9
58,Test,2023-07-07 21:00:28,User 8,Lokal 10
59,Test,2023-06-25 12:19:52,User 1,Lokal 2
60,Test,2022-04-16 07:54:01,User 5,Lokal 6
61,Test,2022-10-17 09:16:56,User 10,Lokal 8
62,Test,2022-12-19 00:58:59,User 3,Lokal 1
63,Test,2022-01-08 23:04:39,User 9,Lokal 6
64,Test,2022-08-01 21:18:30,User 1,Lokal 8
65,Test,2022-10-29 04:52:13,User 6,Lokal 4
66,Test,2023-05-31 20:02:07,User 4,Lokal 3
67,Test,2023-06-24 05:25:13,User 3,Lokal 7
68,Test,2022-04-02 08:12:12,User 9,Lokal 7
69,Test,2023-03-19 15:12:22,User 1,Lokal 4
70,Test,2023-02-21 00:08:53,User 10,Lokal 8
71,Test,2022-06-12 14:50:18,User 8,Lokal 9
72,Test,2023-12-22 15:16:23,User 10,Lokal 4
73,Test,2023-07-15 15:56:41,User 7,Lokal 5
74,Test,2023-07-07 04:05:40,User 6,Lokal 6
75,Test,2023-07-02 17:47:10,User 4,Lokal 6
76,Test,2023-09-03 19:55:51,User 10,Lokal 10
77,Test,2023-08-17 15:21:48,User 9,Lokal 6
78,Test,2023-05-25 17:08:31,User 2,Lokal 2
79,Test,2022-11-24 22:29:53,User 5,Lokal 7
80,Test,2022-01-19 04:56:49,User 5,Lokal 10
81,Test,2022-04-28 13:26:58,User 10,Lokal 5
82,Test,2022-06-26 15:49:04,User 2,Lokal 6
83,Test,2023-01-01 22:51:55,User 1,Lokal 5
84,Test,2023-09-10 09:12:23,User 9,Lokal 7
85,Test,2022-06-23 01:11:51,User 9,Lokal 9
86,Test,2022-04-22 21:09:26,User 7,Lokal 5
87,Test,2022-08-05 01:41:25,User 8,Lokal 3
88,Test,2023-10-13 02:49:42,User 5,Lokal 2
89,Test,2022-02-20 04:12:46,User 7,Lokal 4
90,Test,2022-05-14 04:59:25,User 3,Lokal 8
91,Test,2022-10-03 22:48:45,User 5,Lokal 8
92,Test,2022-10-02 09:41:07,User 3,Lokal 3
93,Test,2023-07-27 21:14:45,User 5,Lokal 7
94,Test,2023-07-10 20:03:21,User 8,Lokal 6
95,Test,2022-10-15 22:19:24,User 9,Lokal 2
96,Test,2023-11-06 03:24:48,User 5,Lokal 5
97,Test,2023-11-24 22:20:19,User 4,Lokal 2
98,Test,2023-12-10 12:05:58,User 1,Lokal 2
99,Test,2023-08-08 17:47:51,User 2,Lokal 3
100,Test,2023-04-04 11:24:19,User 10,Lokal 1
101,Test,2022-05-01 04:51:16,User 3,Lokal 2
102,Test,2023-02-16 20:18:48,User 2,Lokal 3
103,Test,2023-12-11 14:02:36,User 10,Lokal 4
104,Test,2022-01-08 06:55:02,User 4,Lokal 2
105,Test,2023-09-11 01:50:20,User 7,Lokal 10
106,Test,2023-12-16 21:45:47,User 7,Lokal 4
107,Test,2022-06-04 13:06:29,User 3,Lokal 5
108,Test,2022-01-15 07:09:27,User 2,Lokal 5
109,Test,2023-03-19 13:49:40,User 6,Lokal 8
110,Test,2022-06-11 15:47:23,User 1,Lokal 9
111,Test,2023-10-17 15:34:57,User 10,Lokal 3
112,Test,2022-10-31 20:44:16,User 2,Lokal 5
113,Test,2023-04-21 16:28:02,User 4,Lokal 3
114,Test,2023-08-19 17:46:52,User 8,Lokal 9
115,Test,2023-12-13 04:03:52,User 2,Lokal 7
116,Test,2023-07-10 05:46:55,User 4,Lokal 7
117,Test,2022-10-07 17:20:39,User 1,Lokal 9
118,Test,2022-06-02 04:40:47,User 1,Lokal 9
119,Test,2023-01-09 11:44:53,User 7,Lokal 2
120,Test,2022-04-28 03:22:27,User 3,Lokal 4
121,Test,2022-06-17 00:32:23,User 10,Lokal 3
122,Test,2022-12-30 16:37:26,User 2,Lokal 8
123,Test,2022-03-29 13:49:14,User 1,Lokal 7
124,Test,2022-01-18 22:13:04,User 9,Lokal 1
125,Test,2023-08-30 14:12:31,User 7,Lokal 5
126,Test,2022-10-27 12:08:42,User 9,Lokal 9
127,Test,2022-03-12 17:15:22,User 8,Lokal 4
128,Test,2023-02-12 13:10:10,User 7,Lokal 10
129,Test,2022-05-14 11:57:13,User 4,Lokal 8
130,Test,2022-04-08 08:57:44,User 5,Lokal 5
131,Test,2023-06-10 00:48:49,User 3,Lokal 8
132,Test,2023-12-16 17:21:17,User 1,Lokal 2
133,Test,2022-07-17 06:46:51,User 4,Lokal 3
134,Test,2023-10-15 21:12:26,User 10,Lokal 1
135,Test,2022-06-17 01:55:07,User 8,Lokal 1
136,Test,2023-09-14 17:30:29,User 5,Lokal 6
137,Test,2023-04-04 00:43:31,User 2,Lokal 9
138,Test,2022-05-17 03:29:34,User 5,Lokal 1
139,Test,2022-01-01 21:05:44,User 5,Lokal 6
140,Test,2022-02-24 22:06:46,User 2,Lokal 1
141,Test,2022-06-20 00:25:03,User 2,Lokal 5
142,Test,2023-07-08 09:09:59,User 6,Lokal 4
143,Test,2023-01-04 12:28:49,User 3,Lokal 5
144,Test,2022-04-08 00:36:16,User 10,Lokal 10
145,Test,2022-03-20 15:55:30,User 10,Lokal 1
146,Test,2023-01-22 16:40:12,User 1,Lokal 10
147,Test,2023-08-03 05:03:36,User 5,Lokal 7
148,Test,2022-01-13 14:13:04,User 1,Lokal 2
149,Test,2023-10-05 04:53:44,User 9,Lokal 4
150,Test,2022-04-08 23:04:35,User 5,Lokal 9
151,Test,2023-01-26 17:34:10,User 7,Lokal 3
152,Test,2023-07-09 16:59:28,User 2,Lokal 4
153,Test,2022-02-17 16:16:00,User 9,Lokal 9
154,Test,2023-06-04 15:19:51,User 10,Lokal 10
155,Test,2023-04-25 23:46:15,User 1,Lokal 9
156,Test,2023-12-15 23:44:21,User 6,Lokal 2
157,Test,2023-01-31 03:34:16,User 10,Lokal 1
158,Test,2023-01-16 07:04:08,User 2,Lokal 10
159,Test,2023-09-03 16:06:00,User 7,Lokal 2
160,Test,2023-10-05 11:00:40,User 2,Lokal 7
161,Test,2023-02-19 12:06:07,User 10,Lokal 4
162,Test,2022-12-23 16:52:30,User 8,Lokal 7
163,Test,2023-11-03 19:46:03,User 3,Lokal 10
164,Test,2022-03-18 19:25:19,User 5,Lokal 10
165,Test,2023-09-23 11:57:17,User 6,Lokal 6
166,Test,2023-06-06 02:14:09,User 10,Lokal 5
167,Test,2022-04-14 17:43:54,User 9,Lokal 10
168,Test,2022-01-07 16:01:56,User 2,Lokal 4
169,Test,2023-10-02 02:17:34,User 5,Lokal 5
170,Test,2022-05-17 20:10:13,User 6,Lokal 1
171,Test,2023-07-06 18:00:24,User 5,Lokal 4
172,Test,2022-11-30 02:12:54,User 10,Lokal 2
173,Test,2022-05-30 22:41:11,User 3,Lokal 3
174,Test,2022-04-26 15:40:14,User 5,Lokal 7
175,Test,2022-09-05 05:17:48,User 9,Lokal 5
176,Test,2023-01-14 08:32:08,User 4,Lokal 3
177,Test,2023-06-10 02:45:42,User 8,Lokal 1
178,Test,2022-07-31 10:45:17,User 9,Lokal 8
179,Test,2022-12-08 02:59:20,User 1,Lokal 8
180,Test,2023-11-09 18:55:52,User 5,Lokal 8
181,Test,2022-06-17 12:58:24,User 6,Lokal 1
182,Test,2022-02-27 22:44:04,User 3,Lokal 2
183,Test,2022-09-08 19:29:27,User 3,Lokal 6
184,Test,2022-01-17 17:48:05,User 9,Lokal 8
185,Test,2023-11-22 12:39:13,User 8,Lokal 10
186,Test,2023-05-08 02:05:44,User 5,Lokal 5
187,Test,2022-08-17 13:55:09,User 4,Lokal 4
188,Test,2023-03-31 05:32:11,User 2,Lokal 6
189,Test,2022-02-08 03:37:30,User 10,Lokal 4
190,Test,2022-12-08 07:17:06,User 9,Lokal 1
191,Test,2023-02-23 11:01:22,User 5,Lokal 10
192,Test,2023-09-04 13:10:30,User 8,Lokal 6
193,Test,2022-12-07 17:54:13,User 10,Lokal 5
194,Test,2023-07-02 21:07:36,User 2,Lokal 6
195,Test,2023-01-06 03:56:10,User 6,Lokal 5
196,Test,2023-11-16 02:46:38,User 10,Lokal 7
197,Test,2023-03-08 21:56:56,User 7,Lokal 2
198,Test,2022-06-02 19:31:08,User 10,Lokal 5
199,Test,2023-07-20 13:51:25,User 1,Lokal 1
200,Test,2022-10-28 11:00:35,User 2,Lokal 10
201,Test,2023-09-07 08:23:41,User 2,Lokal 6
202,Test,2023-02-04 17:18:04,User 6,Lokal 5
203,Test,2022-06-15 10:15:31,User 1,Lokal 5
204,Test,2022-12-09 09:41:17,User 8,Lokal 6
205,Test,2022-08-15 17:37:14,User 3,Lokal 9
206,Test,2023-01-01 16:43:38,User 4,Lokal 1
207,Test,2022-04-19 10:27:24,User 8,Lokal 5
208,Test,2023-06-10 04:56:56,User 2,Lokal 10
209,Test,2023-02-06 17:24:42,User 2,Lokal 3
210,Test,2022-04-27 16:10:25,User 6,Lokal 3
211,Test,2022-11-10 20:23:32,User 4,Lokal 10
212,Test,2022-01-18 11:02:32,User 2,Lokal 4
213,Test,2022-10-15 15:51:53,User 4,Lokal 3
214,Test,2022-12-02 16:48:24,User 5,Lokal 10
215,Test,2023-01-26 09:43:56,User 2,Lokal 1
216,Test,2022-07-27 22:57:30,User 1,Lokal 10
217,Test,2023-07-24 04:43:06,User 5,Lokal 9
218,Test,2022-07-08 09:28:25,User 3,Lokal 1
219,Test,2023-09-27 08:16:22,User 4,Lokal 8
220,Test,2023-10-05 06:43:52,User 6,Lokal 7
221,Test,2022-11-06 00:35:15,User 3,Lokal 8
222,Test,2023-07-09 19:02:47,User 2,Lokal 5
223,Test,2022-11-16 10:25:47,User 6,Lokal 6
224,Test,2022-12-04 11:48:08,User 10,Lokal 7
225,Test,2022-01-31 10:31:59,User 10,Lokal 5
226,Test,2023-03-09 21:50:22,User 8,Lokal 5
227,Test,2023-07-18 14:26:12,User 9,Lokal 1
228,Test,2023-11-24 12:39:32,User 3,Lokal 7
229,Test,2022-01-22 03:51:58,User 5,Lokal 5
230,Test,2022-06-07 23:29:34,User 2,Lokal 9
231,Test,2023-05-24 05:20:44,User 9,Lokal 8
232,Test,2023-10-05 18:35:38,User 7,Lokal 4
233,Test,2023-03-17 18:40:12,User 1,Lokal 7
234,Test,2023-02-15 18:54:27,User 3,Lokal 2
235,Test,2023-09-01 14:58:26,User 7,Lokal 5
236,Test,2023-01-09 13:43:52,User 5,Lokal 7
237,Test,2023-07-24 16:29:34,User 2,Lokal 6
238,Test,2022-06-12 14:18:22,User 1,Lokal 8
239,Test,2022-11-13 03:04:32,User 3,Lokal 3
240,Test,2023-12-01 20:56:00,User 9,Lokal 1
241,Test,2022-05-24 04:07:50,User 8,Lokal 9
242,Test,2023-02-04 02:20:41,User 4,Lokal 8
243,Test,2022-03-10 17:15:17,User 7,Lokal 5
244,Test,2022-07-28 23:48:25,User 1,Lokal 1
245,Test,2023-06-14 07:57:21,User 1,Lokal 10
246,Test,2022-10-05 15:32:49,User 3,Lokal 8
247,Test,2023-05-16 10:34:56,User 8,Lokal 2
248,Test,2023-10-12 15:58:03,User 4,Lokal 1
249,Test,2023-04-23 16:59:51,User 6,Lokal 6
250,Test,2022-06-05 21:34:06,User 8,Lokal 3
251,Test,2022-06-27 14:21:51,User 8,Lokal 9
252,Test,2023-05-06 04:43:22,User 10,Lokal 4
253,Test,2023-12-28 17:37:53,User 6,Lokal 4
254,Test,2022-02-11 10:35:25,User 3,Lokal 10
255,Test,2022-04-12 04:32:37,User 7,Lokal 9
256,Test,2022-08-07 21:10:37,User 2,Lokal 2
257,Test,2023-07-08 07:20:21,User 4,Lokal 1
258,Test,2022-10-17 01:26:00,User 5,Lokal 3
259,Test,2023-09-13 21:40:30,User 6,Lokal 9
260,Test,2022-11-11 03:27:15,User 8,Lokal 6
261,Test,2023-03-24 04:59:45,User 1,Lokal 4
262,Test,2022-03-06 00:15:57,User 8,Lokal 2
263,Test,2022-03-09 09:32:18,User 6,Lokal 9
264,Test,2022-10-06 13:03:33,User 8,Lokal 8
265,Test,2023-10-25 16:02:11,User 8,Lokal 6
266,Test,2022-03-14 08:31:27,User 2,Lokal 6
267,Test,2022-04-21 23:25:21,User 4,Lokal 2
268,Test,2023-06-10 20:40:16,User 7,Lokal 5
269,Test,2023-10-28 02:42:21,User 2,Lokal 4
270,Test,2023-03-04 08:49:45,User 8,Lokal 9
271,Test,2023-02-08 07:33:48,User 4,Lokal 1
272,Test,2023-05-09 08:48:40,User 1,Lokal 6
273,Test,2023-05-19 03:09:26,User 2,Lokal 10
274,Test,2023-08-14 17:21:25,User 1,Lokal 6
275,Test,2022-07-17 19:51:45,User 2,Lokal 3
276,Test,2023-04-09 08:31:49,User 4,Lokal 1
277,Test,2022-02-18 19:14:10,User 3,Lokal 7
278,Test,2022-08-15 18:19:46,User 5,Lokal 4
279,Test,2022-10-06 16:16:41,User 10,Lokal 1
280,Test,2022-08-07 20:52:56,User 3,Lokal 3
281,Test,2023-08-18 01:34:56,User 9,Lokal 3
282,Test,2023-01-21 20:40:16,User 10,Lokal 4
283,Test,2023-02-19 09:18:57,User 4,Lokal 8
284,Test,2022-03-05 13:47:15,User 2,Lokal 8
285,Test,2023-05-27 21:59:42,User 6,Lokal 1
286,Test,2023-05-19 14:03:19,User 10,Lokal 1
287,Test,2022-05-08 03:24:55,User 5,Lokal 7
288,Test,2022-03-29 19:40:11,User 7,Lokal 3
289,Test,2022-12-02 16:36:47,User 1,Lokal 1
290,Test,2022-06-19 01:01:51,User 9,Lokal 4
291,Test,2023-10-10 01:54:08,User 7,Lokal 2
292,Test,2023-11-05 13:12:57,User 3,Lokal 10
293,Test,2023-09-19 02:34:27,User 8,Lokal 10
294,Test,2022-11-15 13:57:12,User 10,Lokal 6
295,Test,2023-05-11 17:45:05,User 4,Lokal 8
296,Test,2023-11-13 04:30:15,User 9,Lokal 2
297,Test,2022-12-29 18:52:06,User 7,Lokal 7
298,Test,2022-07-14 01:07:22,User 6,Lokal 6
299,Test,2023-02-21 03:52:37,User 2,Lokal 10
300,Test,2023-06-02 08:50:23,User 1,Lokal 10
301,Test,2022-05-31 01:22:57,User 3,Lokal 8
302,Test,2022-04-19 06:23:53,User 7,Lokal 4
303,Test,2023-05-04 00:03:07,User 2,Lokal 3
304,Test,2022-02-26 16:48:08,User 5,Lokal 7
305,Test,2022-12-19 14:40:34,User 4,Lokal 6
306,Test,2022-01-26 11:30:57,User 1,Lokal 5
307,Test,2022-07-22 00:34:33,User 1,Lokal 6
308,Test,2022-10-22 20:25:50,User 1,Lokal 2
309,Test,2022-05-28 02:07:30,User 6,Lokal 1
310,Test,2022-10-05 09:19:10,User 10,Lokal 10
311,Test,2022-06-18 18:58:30,User 3,Lokal 6
312,Test,2023-10-15 21:01:28,User 7,Lokal 5
313,Test,2023-09-28 13:46:25,User 8,Lokal 2
314,Test,2023-07-11 07:55:49,User 3,Lokal 10
315,Test,2022-11-14 15:23:06,User 8,Lokal 8
316,Test,2022-02-26 11:54:36,User 7,Lokal 1
317,Test,2023-10-12 14:57:48,User 7,Lokal 5
318,Test,2023-08-07 06:52:40,User 9,Lokal 6
319,Test,2023-03-14 06:31:01,User 6,Lokal 7
320,Test,2022-10-11 21:26:17,User 3,Lokal 10
321,Test,2023-01-16 05:29:37,User 5,Lokal 9
322,Test,2023-05-21 21:52:57,User 4,Lokal 7
323,Test,2023-12-27 00:16:35,User 7,Lokal 10
324,Test,2022-11-10 12:16:07,User 4,Lokal 5
325,Test,2022-03-03 20:45:18,User 8,Lokal 7
326,Test,2022-11-19 06:07:46,User 4,Lokal 10
327,Test,2023-07-01 21:05:40,User 6,Lokal 5
328,Test,2022-11-24 07:21:22,User 7,Lokal 8
329,Test,2022-10-31 16:25:01,User 6,Lokal 9
330,Test,2023-12-01 14:07:25,User 7,Lokal 5
331,Test,2022-01-27 20:35:24,User 10,Lokal 7
332,Test,2022-11-23 15:19:43,User 1,Lokal 6
333,Test,2022-08-06 04:54:24,User 9,Lokal 5
334,Test,2022-01-19 07:26:12,User 8,Lokal 5
335,Test,2022-09-11 21:48:51,User 7,Lokal 7
336,Test,2022-04-12 20:20:36,User 8,Lokal 6
337,Test,2023-04-17 05:55:42,User 4,Lokal 10
338,Test,2022-11-22 17:11:29,User 6,Lokal 6
339,Test,2022-02-26 17:42:29,User 3,Lokal 4
340,Test,2023-04-08 13:48:46,User 7,Lokal 10
341,Test,2023-05-10 14:44:43,User 4,Lokal 4
342,Test,2022-12-10 11:39:39,User 8,Lokal 5
343,Test,2023-10-26 00:05:27,User 5,Lokal 9
344,Test,2023-09-01 10:34:53,User 10,Lokal 9
345,Test,2023-01-31 05:50:39,User 9,Lokal 4
346,Test,2022-10-04 14:41:14,User 2,Lokal 6
347,Test,2023-12-21 09:43:23,User 5,Lokal 9
348,Test,2022-09-09 12:46:46,User 3,Lokal 3
349,Test,2022-03-18 02:55:29,User 9,Lokal 1
350,Test,2022-03-18 02:09:42,User 6,Lokal 7
351,Test,2023-08-04 13:54:15,User 7,Lokal 1
352,Test,2022-02-06 11:36:59,User 1,Lokal 5
353,Test,2022-07-25 22:14:47,User 5,Lokal 4
354,Test,2023-01-25 14:24:39,User 10,Lokal 4
355,Test,2022-06-22 03:02:01,User 2,Lokal 5
356,Test,2022-06-24 06:57:50,User 4,Lokal 9
357,Test,2023-09-21 17:56:28,User 9,Lokal 4
358,Test,2022-11-06 02:52:53,User 10,Lokal 4
359,Test,2022-02-28 12:57:59,User 8,Lokal 10
360,Test,2022-07-31 06:52:49,User 6,Lokal 6
361,Test,2022-01-05 10:07:17,User 1,Lokal 4
362,Test,2023-09-10 15:47:04,User 7,Lokal 3
363,Test,2023-12-20 16:41:55,User 6,Lokal 6
364,Test,2022-08-09 19:17:26,User 5,Lokal 1
365,Test,2022-03-20 10:18:12,User 6,Lokal 7
366,Test,2023-06-27 13:05:48,User 3,Lokal 1
367,Test,2022-08-24 14:58:19,User 4,Lokal 7
368,Test,2022-09-02 12:25:24,User 4,Lokal 3
369,Test,2022-03-15 01:17:54,User 4,Lokal 2
370,Test,2023-04-05 03:33:21,User 4,Lokal 4
371,Test,2022-10-12 07:14:10,User 2,Lokal 10
372,Test,2023-02-18 09:46:58,User 8,Lokal 3
373,Test,2022-05-07 21:29:51,User 6,Lokal 1
374,Test,2022-06-12 02:43:16,User 2,Lokal 5
375,Test,2022-06-13 10:43:59,User 9,Lokal 2
376,Test,2022-03-24 11:55:22,User 7,Lokal 7
377,Test,2023-02-12 01:01:48,User 10,Lokal 7
378,Test,2022-12-05 10:15:43,User 6,Lokal 1
379,Test,2022-09-04 08:44:00,User 1,Lokal 3
380,Test,2022-12-01 02:13:47,User 5,Lokal 8
381,Test,2022-08-17 19:02:07,User 4,Lokal 6
382,Test,2023-02-14 09:10:35,User 9,Lokal 5
383,Test,2022-01-14 16:58:48,User 1,Lokal 1
384,Test,2023-01-26 05:42:37,User 8,Lokal 8
385,Test,2023-04-29 12:14:53,User 5,Lokal 8
386,Test,2022-01-13 10:35:17,User 9,Lokal 6
387,Test,2022-03-01 03:28:39,User 7,Lokal 7
388,Test,2023-02-03 13:21:16,User 5,Lokal 9
389,Test,2023-03-08 19:23:27,User 5,Lokal 5
390,Test,2022-11-16 03:22:43,User 2,Lokal 4
391,Test,2022-12-28 00:30:29,User 7,Lokal 7
392,Test,2023-12-08 09:03:04,User 5,Lokal 10
393,Test,2022-07-18 16:49:04,User 10,Lokal 5
394,Test,2022-09-14 21:16:15,User 6,Lokal 1
395,Test,2022-06-15 16:36:30,User 4,Lokal 10
396,Test,2022-05-13 10:14:45,User 8,Lokal 10
397,Test,2023-02-11 13:58:23,User 1,Lokal 9
398,Test,2022-04-19 15:36:00,User 4,Lokal 8
399,Test,2022-11-11 03:03:43,User 8,Lokal 1
400,Test,2022-02-18 00:25:44,User 2,Lokal 10
401,Test,2023-03-19 16:56:30,User 6,Lokal 4
402,Test,2022-10-22 10:42:38,User 8,Lokal 7
403,Test,2022-06-06 08:34:38,User 5,Lokal 5
404,Test,2022-12-03 18:45:39,User 9,Lokal 3
405,Test,2022-01-25 01:30:16,User 9,Lokal 7
406,Test,2022-04-16 13:47:12,User 4,Lokal 7
407,Test,2022-02-08 08:18:12,User 5,Lokal 7
408,Test,2023-05-03 00:12:07,User 9,Lokal 1
409,Test,2022-02-06 09:29:05,User 7,Lokal 8
410,Test,2022-11-26 09:45:28,User 9,Lokal 9
411,Test,2023-01-18 02:33:18,User 3,Lokal 10
412,Test,2023-11-20 11:41:17,User 1,Lokal 6
413,Test,2022-09-04 08:24:52,User 2,Lokal 8
414,Test,2022-10-02 21:19:49,User 10,Lokal 4
415,Test,2022-02-26 07:05:54,User 8,Lokal 7
416,Test,2023-04-24 11:44:23,User 8,Lokal 3
417,Test,2023-06-26 21:39:51,User 3,Lokal 2
418,Test,2022-04-04 10:50:03,User 1,Lokal 5
419,Test,2022-01-27 14:50:50,User 10,Lokal 10
420,Test,2022-10-18 07:54:54,User 10,Lokal 6
421,Test,2022-05-02 00:06:17,User 4,Lokal 5
422,Test,2022-03-17 08:00:30,User 6,Lokal 5
423,Test,2023-10-09 08:58:16,User 9,Lokal 6
424,Test,2022-08-28 16:26:19,User 9,Lokal 8
425,Test,2022-06-03 03:10:43,User 5,Lokal 10
426,Test,2022-02-16 06:48:18,User 6,Lokal 2
427,Test,2023-09-01 13:35:22,User 1,Lokal 7
428,Test,2022-06-02 22:20:01,User 8,Lokal 2
429,Test,2023-01-23 03:18:19,User 1,Lokal 6
430,Test,2023-05-17 05:14:59,User 9,Lokal 3
431,Test,2023-06-16 04:05:14,User 9,Lokal 3
432,Test,2023-08-13 08:37:47,User 7,Lokal 7
433,Test,2023-02-01 11:07:50,User 10,Lokal 6
434,Test,2022-12-08 12:11:38,User 9,Lokal 8
435,Test,2022-05-10 13:06:06,User 8,Lokal 9
436,Test,2023-01-10 22:51:59,User 8,Lokal 2
437,Test,2023-05-04 01:12:24,User 7,Lokal 10
438,Test,2022-02-21 20:06:49,User 10,Lokal 5
439,Test,2023-07-06 10:48:33,User 6,Lokal 4
440,Test,2022-12-10 01:41:36,User 8,Lokal 1
441,Test,2022-07-12 05:37:58,User 4,Lokal 5
442,Test,2023-10-16 04:28:49,User 9,Lokal 7
443,Test,2022-02-08 08:34:27,User 5,Lokal 4
444,Test,2023-02-28 17:24:02,User 7,Lokal 7
445,Test,2023-02-13 00:26:50,User 5,Lokal 8
446,Test,2023-05-15 21:35:27,User 1,Lokal 3
447,Test,2022-11-04 18:09:44,User 3,Lokal 1
448,Test,2023-04-22 21:06:37,User 6,Lokal 8
449,Test,2022-07-25 18:36:09,User 3,Lokal 8
450,Test,2023-12-27 14:25:09,User 10,Lokal 2
451,Test,2022-07-22 14:24:36,User 7,Lokal 2
452,Test,2023-06-28 22:42:49,User 7,Lokal 2
453,Test,2023-11-22 02:38:20,User 2,Lokal 2
454,Test,2022-11-02 00:02:41,User 8,Lokal 3
455,Test,2022-12-26 12:47:47,User 1,Lokal 7
456,Test,2023-12-01 03:09:46,User 4,Lokal 4
457,Test,2022-04-26 17:04:34,User 6,Lokal 3
458,Test,2023-10-15 19:48:41,User 7,Lokal 6
459,Test,2023-08-21 21:38:41,User 3,Lokal 1
460,Test,2023-10-27 05:50:24,User 8,Lokal 7
461,Test,2023-08-20 06:11:18,User 10,Lokal 4
462,Test,2022-06-03 06:17:07,User 4,Lokal 10
463,Test,2023-01-11 09:26:14,User 10,Lokal 2
464,Test,2023-01-14 04:17:55,User 3,Lokal 6
465,Test,2022-06-29 02:05:58,User 10,Lokal 3
466,Test,2023-09-25 02:53:34,User 9,Lokal 8
467,Test,2022-01-03 07:50:02,User 9,Lokal 6
468,Test,2023-07-30 15:30:12,User 3,Lokal 2
469,Test,2022-05-11 04:41:13,User 8,Lokal 5
470,Test,2022-05-13 06:42:18,User 10,Lokal 9
471,Test,2023-07-08 07:46:58,User 8,Lokal 5
472,Test,2023-10-19 06:46:53,User 1,Lokal 9
473,Test,2022-11-10 13:32:23,User 9,Lokal 8
474,Test,2023-12-02 03:38:58,User 10,Lokal 1
475,Test,2022-11-20 11:55:48,User 7,Lokal 3
476,Test,2023-08-28 02:40:47,User 7,Lokal 3
477,Test,2023-07-17 05:24:35,User 3,Lokal 9
478,Test,2022-12-05 17:24:48,User 5,Lokal 4
479,Test,2023-01-08 01:40:46,User 1,Lokal 3
480,Test,2023-07-16 03:56:31,User 3,Lokal 8
481,Test,2023-01-18 19:36:59,User 3,Lokal 8
482,Test,2023-07-27 07:37:47,User 4,Lokal 10
483,Test,2022-05-20 17:17:26,User 2,Lokal 6
484,Test,2023-10-04 16:11:11,User 8,Lokal 9
485,Test,2023-01-25 08:05:47,User 7,Lokal 3
486,Test,2022-07-17 05:27:27,User 6,Lokal 9
487,Test,2022-02-02 04:55:06,User 6,Lokal 4
488,Test,2023-05-24 02:28:45,User 7,Lokal 8
489,Test,2023-11-16 11:02:33,User 9,Lokal 2
490,Test,2023-03-25 12:17:29,User 2,Lokal 4
491,Test,2022-03-11 09:17:48,User 7,Lokal 2
492,Test,2023-07-14 17:51:07,User 10,Lokal 9
493,Test,2022-07-09 13:15:26,User 8,Lokal 4
494,Test,2023-07-06 04:00:35,User 8,Lokal 9
495,Test,2022-05-05 17:15:02,User 8,Lokal 4
496,Test,2023-10-13 12:25:19,User 9,Lokal 10
497,Test,2023-09-11 21:08:14,User 2,Lokal 1
498,Test,2023-11-18 04:26:54,User 8,Lokal 7
499,Test,2023-01-17 04:02:31,User 3,Lokal 4
500,Test,2022-05-04 19:49:44,User 6,Lokal 3
501,Test,2022-09-03 12:06:01,User 6,Lokal 7
502,Test,2022-03-28 13:06:58,User 6,Lokal 1
503,Test,2022-07-04 17:13:03,User 2,Lokal 1
504,Test,2023-12-03 07:27:10,User 5,Lokal 5
505,Test,2022-11-08 01:40:56,User 10,Lokal 1
506,Test,2022-11-23 06:40:08,User 2,Lokal 10
507,Test,2023-11-28 01:52:33,User 4,Lokal 10
508,Test,2022-03-01 08:35:21,User 8,Lokal 6
509,Test,2023-12-30 13:34:05,User 2,Lokal 1
510,Test,2023-03-06 00:01:14,User 6,Lokal 7
511,Test,2023-10-08 11:56:03,User 2,Lokal 7
512,Test,2022-02-12 21:38:17,User 1,Lokal 1
513,Test,2022-10-25 16:41:33,User 9,Lokal 10
514,Test,2022-11-29 11:32:26,User 10,Lokal 7
515,Test,2022-06-06 16:03:24,User 6,Lokal 3
516,Test,2022-10-16 23:19:30,User 4,Lokal 9
517,Test,2022-07-30 17:44:57,User 1,Lokal 1
518,Test,2022-11-19 22:49:54,User 4,Lokal 3
519,Test,2023-01-26 00:48:40,User 6,Lokal 4
520,Test,2022-01-08 13:31:20,User 5,Lokal 2
521,Test,2023-05-24 17:19:16,User 8,Lokal 4
522,Test,2022-07-12 10:45:52,User 10,Lokal 6
523,Test,2023-09-10 10:40:04,User 7,Lokal 10
524,Test,2023-04-10 00:49:31,User 4,Lokal 8
525,Test,2022-06-30 15:23:09,User 9,Lokal 4
526,Test,2022-04-20 06:39:34,User 3,Lokal 1
527,Test,2022-08-21 06:49:42,User 9,Lokal 4
528,Test,2023-12-12 16:33:19,User 10,Lokal 9
529,Test,2022-04-26 12:23:50,User 2,Lokal 3
530,Test,2022-08-17 03:51:34,User 10,Lokal 6
531,Test,2023-05-25 13:14:51,User 6,Lokal 5
532,Test,2023-03-30 04:55:40,User 4,Lokal 5
533,Test,2023-05-31 00:59:18,User 9,Lokal 8
534,Test,2022-05-20 08:34:03,User 8,Lokal 10
535,Test,2023-03-30 07:39:51,User 7,Lokal 4
536,Test,2022-03-28 04:00:55,User 6,Lokal 1
537,Test,2022-12-01 01:00:33,User 9,Lokal 5
538,Test,2022-09-30 22:35:37,User 7,Lokal 4
539,Test,2022-04-22 03:41:03,User 2,Lokal 6
540,Test,2022-02-26 01:35:18,User 8,Lokal 7
541,Test,2022-09-13 18:56:39,User 5,Lokal 5
542,Test,2022-10-25 04:42:40,User 5,Lokal 3
543,Test,2022-03-17 18:55:49,User 7,Lokal 1
544,Test,2022-06-20 19:20:15,User 7,Lokal 10
545,Test,2023-08-19 01:14:12,User 5,Lokal 1
546,Test,2022-03-04 11:27:08,User 9,Lokal 4
547,Test,2022-12-15 12:33:51,User 1,Lokal 3
548,Test,2023-05-03 17:40:56,User 9,Lokal 10
549,Test,2023-05-26 15:51:56,User 3,Lokal 8
550,Test,2022-03-10 19:15:21,User 9,Lokal 5
551,Test,2023-07-19 08:40:27,User 4,Lokal 1
552,Test,2023-09-09 12:50:59,User 2,Lokal 7
553,Test,2023-12-05 03:57:39,User 1,Lokal 5
554,Test,2022-08-13 03:13:19,User 5,Lokal 9
555,Test,2022-08-15 14:03:31,User 3,Lokal 9
556,Test,2023-01-26 04:58:46,User 10,Lokal 6
557,Test,2022-01-08 22:07:33,User 9,Lokal 9
558,Test,2023-01-20 12:22:26,User 6,Lokal 8
559,Test,2022-07-30 23:22:26,User 10,Lokal 8
560,Test,2023-09-08 16:49:59,User 4,Lokal 2
561,Test,2023-12-02 15:13:14,User 7,Lokal 3
562,Test,2022-06-05 05:24:02,User 9,Lokal 9
563,Test,2023-12-01 03:18:15,User 5,Lokal 1
564,Test,2022-01-19 16:22:13,User 7,Lokal 1
565,Test,2023-01-20 15:28:58,User 3,Lokal 5
566,Test,2022-11-12 15:05:44,User 10,Lokal 10
567,Test,2023-08-28 17:06:36,User 7,Lokal 3
568,Test,2023-05-03 13:57:20,User 1,Lokal 7
569,Test,2022-08-07 14:03:42,User 6,Lokal 8
570,Test,2023-12-23 01:45:38,User 5,Lokal 6
571,Test,2023-09-10 18:38:20,User 6,Lokal 1
572,Test,2022-01-07 15:46:43,User 2,Lokal 5
573,Test,2022-06-22 11:03:44,User 3,Lokal 5
574,Test,2023-09-17 20:35:41,User 4,Lokal 4
575,Test,2022-08-04 13:10:31,User 6,Lokal 9
576,Test,2022-09-24 05:18:36,User 10,Lokal 3
577,Test,2022-01-02 14:22:58,User 1,Lokal 5
578,Test,2023-02-02 23:39:14,User 3,Lokal 6
579,Test,2022-06-22 03:19:05,User 4,Lokal 10
580,Test,2023-01-02 00:12:34,User 10,Lokal 6
581,Test,2023-03-17 16:42:10,User 2,Lokal 3
582,Test,2022-03-16 11:01:07,User 9,Lokal 7
583,Test,2022-09-18 03:40:54,User 5,Lokal 8
584,Test,2022-06-26 07:25:46,User 5,Lokal 3
585,Test,2023-10-14 09:19:18,User 4,Lokal 6
586,Test,2023-09-21 00:05:46,User 5,Lokal 7
587,Test,2023-07-04 22:42:30,User 7,Lokal 6
588,Test,2022-10-29 03:20:06,User 3,Lokal 3
589,Test,2023-04-24 08:43:56,User 2,Lokal 7
590,Test,2022-06-26 21:24:22,User 3,Lokal 1
591,Test,2023-10-06 20:20:41,User 8,Lokal 4
592,Test,2022-06-24 20:37:47,User 4,Lokal 3
593,Test,2022-03-25 22:48:22,User 3,Lokal 9
594,Test,2023-07-24 11:22:30,User 7,Lokal 5
595,Test,2023-04-25 04:46:04,User 4,Lokal 3
596,Test,2022-07-05 09:08:49,User 8,Lokal 2
597,Test,2022-09-17 03:41:31,User 4,Lokal 3
598,Test,2022-01-09 01:05:20,User 8,Lokal 2
599,Test,2022-08-31 07:48:37,User 3,Lokal 2
600,Test,2022-03-28 02:18:28,User 6,Lokal 7
601,Test,2023-09-16 22:51:27,User 7,Lokal 5
602,Test,2023-02-12 00:19:31,User 10,Lokal 9
603,Test,2022-02-01 04:59:53,User 4,Lokal 9
604,Test,2022-04-13 00:34:57,User 6,Lokal 4
605,Test,2022-07-08 23:01:18,User 6,Lokal 8
606,Test,2022-04-10 00:55:23,User 3,Lokal 3
607,Test,2022-01-07 12:50:13,User 2,Lokal 9
608,Test,2022-12-27 11:48:34,User 2,Lokal 6
609,Test,2023-11-12 15:31:20,User 1,Lokal 9
610,Test,2023-06-23 16:30:56,User 4,Lokal 1
611,Test,2022-11-01 14:37:11,User 1,Lokal 4
612,Test,2022-09-30 02:21:53,User 3,Lokal 7
613,Test,2022-09-25 14:25:45,User 8,Lokal 9
614,Test,2022-07-24 08:15:18,User 7,Lokal 2
615,Test,2023-07-05 11:13:21,User 7,Lokal 5
616,Test,2023-10-14 22:32:08,User 3,Lokal 1
617,Test,2023-01-27 11:40:09,User 1,Lokal 3
618,Test,2023-09-26 01:30:49,User 6,Lokal 5
619,Test,2022-05-23 19:45:21,User 10,Lokal 8
620,Test,2022-03-25 23:25:57,User 9,Lokal 9
621,Test,2023-07-20 07:11:32,User 10,Lokal 3
622,Test,2023-03-29 11:11:41,User 4,Lokal 10
623,Test,2023-10-14 13:41:41,User 7,Lokal 6
624,Test,2022-12-23 04:57:55,User 1,Lokal 2
625,Test,2022-07-28 01:31:50,User 9,Lokal 4
626,Test,2023-01-09 13:07:11,User 7,Lokal 6
627,Test,2023-12-26 18:46:28,User 1,Lokal 4
628,Test,2023-08-23 05:39:34,User 5,Lokal 10
629,Test,2023-05-07 02:54:59,User 8,Lokal 4
630,Test,2022-07-15 08:49:05,User 8,Lokal 6
631,Test,2022-12-15 17:10:06,User 2,Lokal 9
632,Test,2022-10-11 03:19:49,User 6,Lokal 1
633,Test,2023-01-11 18:47:16,User 5,Lokal 4
634,Test,2022-09-24 11:41:28,User 7,Lokal 9
635,Test,2023-02-03 11:52:47,User 10,Lokal 8
636,Test,2023-07-07 22:57:02,User 8,Lokal 4
637,Test,2023-04-08 16:07:47,User 8,Lokal 10
638,Test,2023-03-28 07:08:05,User 6,Lokal 10
639,Test,2023-03-31 23:09:14,User 7,Lokal 7
640,Test,2022-08-09 05:58:36,User 2,Lokal 7
641,Test,2023-12-19 04:48:30,User 3,Lokal 1
642,Test,2022-05-28 12:09:26,User 4,Lokal 2
643,Test,2022-05-27 14:27:37,User 10,Lokal 5
644,Test,2023-09-09 09:13:55,User 4,Lokal 7
645,Test,2023-03-29 00:17:07,User 3,Lokal 8
646,Test,2022-04-10 01:28:21,User 3,Lokal 10
647,Test,2023-06-15 15:25:44,User 7,Lokal 10
648,Test,2023-10-06 17:35:11,User 8,Lokal 5
649,Test,2023-07-17 01:18:40,User 1,Lokal 2
650,Test,2023-06-10 07:50:24,User 4,Lokal 6
651,Test,2023-12-11 19:36:09,User 4,Lokal 1
652,Test,2022-03-16 06:23:16,User 7,Lokal 10
653,Test,2023-10-25 18:55:39,User 5,Lokal 4
654,Test,2022-04-05 13:50:37,User 1,Lokal 9
655,Test,2022-01-28 02:58:37,User 6,Lokal 4
656,Test,2022-01-02 16:13:35,User 7,Lokal 1
657,Test,2023-06-27 09:21:34,User 7,Lokal 10
658,Test,2022-03-29 03:40:31,User 4,Lokal 1
659,Test,2023-03-20 03:33:40,User 5,Lokal 2
660,Test,2022-10-16 14:09:46,User 2,Lokal 5
661,Test,2023-01-13 22:32:52,User 2,Lokal 5
662,Test,2022-09-06 03:25:17,User 8,Lokal 2
663,Test,2023-08-13 23:21:22,User 2,Lokal 10
664,Test,2023-04-09 16:16:26,User 9,Lokal 9
665,Test,2023-10-16 18:06:13,User 8,Lokal 9
666,Test,2022-08-17 19:00:41,User 5,Lokal 1
667,Test,2022-03-08 21:41:20,User 4,Lokal 2
668,Test,2023-05-10 15:29:28,User 9,Lokal 9
669,Test,2023-09-09 04:37:17,User 9,Lokal 8
670,Test,2022-06-23 11:21:58,User 9,Lokal 5
671,Test,2023-08-14 06:17:48,User 10,Lokal 8
672,Test,2023-03-25 19:20:38,User 7,Lokal 10
673,Test,2022-06-07 14:28:40,User 1,Lokal 3
674,Test,2023-05-31 04:44:04,User 1,Lokal 9
675,Test,2023-07-09 17:13:28,User 8,Lokal 5
676,Test,2022-05-09 03:14:02,User 9,Lokal 2
677,Test,2023-08-27 13:40:22,User 9,Lokal 9
678,Test,2022-04-30 06:42:27,User 1,Lokal 2
679,Test,2022-08-08 23:42:38,User 8,Lokal 9
680,Test,2022-02-01 08:34:14,User 9,Lokal 3
681,Test,2023-06-24 04:20:55,User 10,Lokal 9
682,Test,2022-06-28 00:14:59,User 5,Lokal 6
683,Test,2022-03-05 16:23:12,User 8,Lokal 1
684,Test,2023-08-09 10:28:40,User 9,Lokal 3
685,Test,2022-09-03 16:12:31,User 4,Lokal 4
686,Test,2023-09-08 10:37:21,User 2,Lokal 5
687,Test,2022-04-03 03:12:41,User 8,Lokal 8
688,Test,2022-10-02 16:33:59,User 9,Lokal 10
689,Test,2022-06-26 20:52:54,User 7,Lokal 4
690,Test,2022-04-12 14:26:27,User 8,Lokal 5
691,Test,2023-11-26 00:25:00,User 8,Lokal 9
692,Test,2022-12-18 10:48:38,User 6,Lokal 7
693,Test,2022-01-12 14:41:20,User 3,Lokal 1
694,Test,2022-11-11 02:17:02,User 4,Lokal 5
695,Test,2022-04-30 08:35:39,User 8,Lokal 1
696,Test,2022-10-26 01:33:39,User 8,Lokal 3
697,Test,2023-10-18 14:58:38,User 5,Lokal 3
698,Test,2023-06-29 06:38:22,User 10,Lokal 8
699,Test,2023-12-02 03:33:45,User 9,Lokal 1
700,Test,2023-08-01 05:09:25,User 3,Lokal 5
701,Test,2023-10-22 21:39:14,User 7,Lokal 5
702,Test,2023-01-28 03:42:24,User 10,Lokal 9
703,Test,2022-09-27 09:36:14,User 2,Lokal 10
704,Test,2023-10-17 13:54:16,User 9,Lokal 3
705,Test,2023-11-17 19:41:10,User 1,Lokal 7
706,Test,2023-08-27 08:40:10,User 9,Lokal 5
707,Test,2023-12-21 00:11:02,User 9,Lokal 7
708,Test,2022-09-26 10:39:32,User 5,Lokal 8
709,Test,2022-06-15 15:43:48,User 4,Lokal 3
710,Test,2022-08-01 22:12:50,User 5,Lokal 10
711,Test,2022-10-16 03:02:09,User 10,Lokal 10
712,Test,2023-11-10 11:01:29,User 1,Lokal 9
713,Test,2022-04-25 18:09:14,User 5,Lokal 3
714,Test,2022-07-19 13:07:47,User 4,Lokal 10
715,Test,2023-06-19 00:29:51,User 6,Lokal 4
716,Test,2023-09-21 09:50:03,User 3,Lokal 9
717,Test,2022-12-24 11:16:18,User 4,Lokal 4
718,Test,2022-02-25 20:48:04,User 5,Lokal 4
719,Test,2022-07-27 08:37:12,User 1,Lokal 10
720,Test,2023-08-26 03:21:26,User 6,Lokal 3
721,Test,2023-05-23 19:03:10,User 1,Lokal 2
722,Test,2023-10-30 20:31:19,User 9,Lokal 8
723,Test,2023-07-23 02:37:33,User 7,Lokal 9
724,Test,2023-10-02 03:50:31,User 5,Lokal 10
725,Test,2023-09-29 09:38:29,User 5,Lokal 10
726,Test,2022-01-31 20:32:47,User 2,Lokal 3
727,Test,2022-01-05 14:10:08,User 7,Lokal 6
728,Test,2023-08-03 22:10:40,User 4,Lokal 7
729,Test,2023-07-22 22:46:43,User 8,Lokal 2
730,Test,2023-09-21 21:44:00,User 6,Lokal 6
731,Test,2022-12-22 14:54:22,User 3,Lokal 6
732,Test,2022-03-12 14:28:14,User 1,Lokal 8
733,Test,2022-07-23 02:45:44,User 10,Lokal 1
734,Test,2022-04-27 23:42:26,User 5,Lokal 6
735,Test,2022-02-18 23:15:36,User 9,Lokal 10
736,Test,2023-02-06 03:56:26,User 9,Lokal 8
737,Test,2022-08-04 20:58:04,User 3,Lokal 4
738,Test,2022-12-20 01:11:49,User 1,Lokal 10
739,Test,2023-02-17 04:37:32,User 8,Lokal 10
740,Test,2023-12-17 12:27:30,User 8,Lokal 4
741,Test,2023-08-27 12:42:31,User 4,Lokal 4
742,Test,2022-12-23 11:22:41,User 7,Lokal 4
743,Test,2023-12-31 11:50:28,User 6,Lokal 5
744,Test,2022-03-03 18:04:16,User 10,Lokal 3
745,Test,2022-02-27 04:55:57,User 10,Lokal 4
746,Test,2023-08-30 14:27:58,User 10,Lokal 1
747,Test,2022-08-21 04:56:18,User 6,Lokal 6
748,Test,2023-10-10 13:51:47,User 6,Lokal 2
749,Test,2022-11-18 02:16:22,User 1,Lokal 3
750,Test,2023-07-31 02:30:16,User 2,Lokal 5
751,Test,2023-10-19 00:39:24,User 2,Lokal 2
752,Test,2023-09-28 11:53:10,User 2,Lokal 8
753,Test,2022-05-20 06:25:34,User 9,Lokal 4
754,Test,2023-11-10 22:20:35,User 1,Lokal 9
755,Test,2023-03-07 07:17:53,User 10,Lokal 10
756,Test,2022-12-02 07:33:27,User 4,Lokal 4
757,Test,2023-09-02 09:47:45,User 6,Lokal 7
758,Test,2023-03-28 19:36:35,User 8,Lokal 9
759,Test,2023-09-13 08:20:09,User 5,Lokal 7
760,Test,2022-11-18 23:39:57,User 1,Lokal 7
761,Test,2023-07-29 02:37:48,User 7,Lokal 9
762,Test,2022-07-28 16:27:37,User 3,Lokal 10
763,Test,2023-05-10 20:43:24,User 1,Lokal 8
764,Test,2022-02-27 20:20:52,User 1,Lokal 8
765,Test,2022-03-01 10:48:13,User 2,Lokal 1
766,Test,2023-11-13 22:23:23,User 8,Lokal 7
767,Test,2023-03-17 18:39:22,User 6,Lokal 10
768,Test,2023-05-05 05:50:28,User 2,Lokal 9
769,Test,2023-10-11 01:26:42,User 9,Lokal 6
770,Test,2022-04-11 21:26:19,User 2,Lokal 5
771,Test,2023-08-30 19:39:19,User 5,Lokal 4
772,Test,2022-04-25 11:12:25,User 3,Lokal 1
773,Test,2023-06-25 22:53:05,User 7,Lokal 3
774,Test,2022-12-03 04:20:19,User 9,Lokal 5
775,Test,2022-02-14 23:23:55,User 6,Lokal 6
776,Test,2022-03-02 21:59:39,User 5,Lokal 7
777,Test,2022-01-23 10:52:16,User 3,Lokal 3
778,Test,2023-08-18 11:47:53,User 7,Lokal 5
779,Test,2022-03-22 05:15:46,User 3,Lokal 5
780,Test,2023-11-18 12:49:18,User 4,Lokal 2
781,Test,2023-09-29 20:28:01,User 1,Lokal 5
782,Test,2022-01-25 12:17:00,User 3,Lokal 10
783,Test,2023-02-18 05:24:36,User 7,Lokal 6
784,Test,2023-02-10 15:09:22,User 2,Lokal 9
785,Test,2023-04-01 13:00:26,User 5,Lokal 10
786,Test,2022-01-28 04:09:11,User 4,Lokal 3
787,Test,2023-02-26 16:49:57,User 1,Lokal 6
788,Test,2023-10-24 16:11:56,User 9,Lokal 1
789,Test,2022-01-04 12:08:22,User 10,Lokal 1
790,Test,2023-05-01 22:28:48,User 9,Lokal 3
791,Test,2023-01-08 22:15:53,User 7,Lokal 4
792,Test,2022-05-09 04:00:26,User 2,Lokal 9
793,Test,2023-12-15 02:41:05,User 4,Lokal 8
794,Test,2022-06-06 00:17:34,User 3,Lokal 10
795,Test,2023-06-23 06:32:09,User 9,Lokal 1
796,Test,2022-09-10 13:15:53,User 9,Lokal 5
797,Test,2022-08-23 15:18:39,User 1,Lokal 2
798,Test,2022-03-06 18:08:37,User 7,Lokal 10
799,Test,2023-05-08 17:54:43,User 8,Lokal 2
800,Test,2022-08-09 11:44:50,User 2,Lokal 4
801,Test,2022-11-16 10:15:32,User 7,Lokal 2
802,Test,2023-03-15 21:42:01,User 10,Lokal 1
803,Test,2023-06-24 23:41:33,User 2,Lokal 5
804,Test,2022-12-06 13:52:19,User 10,Lokal 3
805,Test,2022-04-07 04:32:28,User 7,Lokal 7
806,Test,2022-12-09 01:21:58,User 7,Lokal 7
807,Test,2022-09-22 23:55:49,User 3,Lokal 5
808,Test,2023-08-27 12:54:06,User 9,Lokal 1
809,Test,2022-03-11 12:18:23,User 8,Lokal 4
810,Test,2022-05-20 05:07:36,User 3,Lokal 5
811,Test,2023-02-27 09:34:25,User 5,Lokal 4
812,Test,2022-04-08 07:50:33,User 4,Lokal 1
813,Test,2023-12-15 11:16:13,User 10,Lokal 3
814,Test,2023-02-27 17:08:27,User 2,Lokal 9
815,Test,2022-09-24 06:09:52,User 1,Lokal 2
816,Test,2023-04-06 07:41:30,User 4,Lokal 6
817,Test,2022-08-15 08:03:50,User 7,Lokal 3
818,Test,2022-11-13 15:07:35,User 8,Lokal 8
819,Test,2022-06-03 06:21:05,User 8,Lokal 4
820,Test,2023-11-09 20:10:08,User 6,Lokal 1
821,Test,2023-05-12 04:05:22,User 7,Lokal 4
822,Test,2023-11-06 12:40:45,User 9,Lokal 7
823,Test,2022-01-10 16:25:42,User 1,Lokal 9
824,Test,2023-07-15 13:37:35,User 10,Lokal 1
825,Test,2022-04-25 07:28:54,User 1,Lokal 7
826,Test,2023-01-10 19:15:03,User 6,Lokal 9
827,Test,2022-02-27 05:21:42,User 5,Lokal 3
828,Test,2022-08-30 19:31:23,User 1,Lokal 9
829,Test,2023-09-07 08:24:36,User 2,Lokal 8
830,Test,2023-02-13 02:05:18,User 8,Lokal 9
831,Test,2023-10-09 20:18:53,User 5,Lokal 6
832,Test,2022-08-05 05:03:28,User 8,Lokal 7
833,Test,2022-09-13 23:40:30,User 2,Lokal 4
834,Test,2023-11-18 09:21:59,User 9,Lokal 2
835,Test,2023-03-26 06:50:27,User 10,Lokal 9
836,Test,2023-04-28 04:01:34,User 1,Lokal 6
837,Test,2023-02-25 05:48:06,User 9,Lokal 2
838,Test,2022-08-12 17:35:57,User 1,Lokal 1
839,Test,2023-03-12 18:36:16,User 5,Lokal 10
840,Test,2022-12-22 15:13:49,User 8,Lokal 7
841,Test,2022-02-05 02:28:30,User 5,Lokal 7
842,Test,2022-05-08 02:52:35,User 2,Lokal 5
843,Test,2022-12-28 17:01:44,User 7,Lokal 4
844,Test,2022-04-27 23:20:01,User 10,Lokal 9
845,Test,2023-07-14 13:48:32,User 4,Lokal 2
846,Test,2022-11-10 11:19:07,User 7,Lokal 1
847,Test,2022-12-14 19:11:39,User 10,Lokal 10
848,Test,2023-05-06 11:37:38,User 5,Lokal 9
849,Test,2022-07-22 23:57:14,User 9,Lokal 1
850,Test,2023-04-12 13:28:00,User 8,Lokal 7
851,Test,2022-10-07 15:09:38,User 8,Lokal 1
852,Test,2022-09-22 12:28:16,User 3,Lokal 7
853,Test,2023-09-18 00:55:23,User 1,Lokal 7
854,Test,2023-06-28 15:20:29,User 5,Lokal 2
855,Test,2023-09-15 14:51:39,User 10,Lokal 2
856,Test,2022-10-07 02:38:36,User 5,Lokal 5
857,Test,2022-09-23 15:08:19,User 8,Lokal 8
858,Test,2023-11-14 02:45:16,User 5,Lokal 5
859,Test,2023-03-09 23:34:23,User 4,Lokal 6
860,Test,2023-02-01 04:14:32,User 2,Lokal 6
861,Test,2023-02-20 20:30:02,User 2,Lokal 8
862,Test,2022-05-23 06:38:48,User 7,Lokal 5
863,Test,2022-11-01 11:05:03,User 10,Lokal 6
864,Test,2022-11-06 19:45:49,User 4,Lokal 6
865,Test,2023-10-28 00:04:56,User 4,Lokal 6
866,Test,2022-02-05 18:24:41,User 9,Lokal 5
867,Test,2023-01-04 17:24:21,User 3,Lokal 2
868,Test,2022-08-08 22:37:20,User 3,Lokal 8
869,Test,2023-04-08 11:11:05,User 4,Lokal 7
870,Test,2022-08-17 06:33:27,User 3,Lokal 5
871,Test,2023-01-08 18:48:43,User 7,Lokal 7
872,Test,2023-08-20 22:04:00,User 1,Lokal 5
873,Test,2022-08-18 04:37:05,User 6,Lokal 5
874,Test,2023-06-24 11:08:02,User 2,Lokal 6
875,Test,2023-11-05 06:00:48,User 3,Lokal 7
876,Test,2022-05-02 18:17:52,User 10,Lokal 8
877,Test,2022-10-19 20:21:04,User 1,Lokal 8
878,Test,2023-12-10 09:05:02,User 2,Lokal 4
879,Test,2022-11-27 12:52:11,User 3,Lokal 3
880,Test,2022-06-13 11:13:58,User 9,Lokal 10
881,Test,2023-10-10 18:52:42,User 1,Lokal 9
882,Test,2023-06-19 23:29:44,User 9,Lokal 10
883,Test,2022-01-24 04:37:46,User 3,Lokal 3
884,Test,2023-03-02 09:23:33,User 3,Lokal 8
885,Test,2022-01-07 23:44:19,User 8,Lokal 9
886,Test,2023-04-16 06:35:30,User 5,Lokal 10
887,Test,2023-06-11 08:50:12,User 6,Lokal 5
888,Test,2023-04-08 03:27:41,User 8,Lokal 4
889,Test,2022-09-28 03:56:40,User 5,Lokal 6
890,Test,2022-06-04 05:56:41,User 7,Lokal 1
891,Test,2022-12-02 21:27:33,User 2,Lokal 1
892,Test,2023-05-05 10:42:49,User 10,Lokal 3
893,Test,2023-07-20 05:36:23,User 5,Lokal 5
894,Test,2023-04-14 05:54:10,User 2,Lokal 8
895,Test,2022-04-06 14:32:41,User 10,Lokal 10
896,Test,2022-06-22 21:15:59,User 9,Lokal 7
897,Test,2022-04-19 21:37:10,User 6,Lokal 7
898,Test,2022-10-18 06:23:11,User 4,Lokal 5
899,Test,2023-07-07 01:46:36,User 6,Lokal 10
900,Test,2023-08-20 05:58:58,User 4,Lokal 3
901,Test,2022-02-26 21:34:43,User 4,Lokal 5
902,Test,2022-12-26 07:15:42,User 1,Lokal 1
903,Test,2022-11-24 22:40:06,User 6,Lokal 2
904,Test,2022-05-26 01:51:50,User 4,Lokal 9
905,Test,2023-03-15 10:03:12,User 1,Lokal 4
906,Test,2023-06-18 16:20:09,User 1,Lokal 4
907,Test,2022-06-29 06:47:47,User 5,Lokal 1
908,Test,2023-10-12 10:15:20,User 8,Lokal 8
909,Test,2022-09-09 15:09:00,User 5,Lokal 2
910,Test,2022-09-03 19:52:42,User 5,Lokal 3
911,Test,2023-10-01 09:14:31,User 3,Lokal 3
912,Test,2022-12-24 23:37:58,User 5,Lokal 1
913,Test,2022-06-18 17:11:34,User 5,Lokal 7
914,Test,2022-07-13 21:19:52,User 9,Lokal 10
915,Test,2022-01-20 14:53:42,User 4,Lokal 6
916,Test,2022-05-21 17:18:25,User 6,Lokal 6
917,Test,2023-05-01 11:49:32,User 4,Lokal 6
918,Test,2023-06-08 17:51:51,User 3,Lokal 2
919,Test,2022-10-13 22:36:25,User 2,Lokal 10
920,Test,2023-10-27 00:12:09,User 2,Lokal 8
921,Test,2022-01-29 03:59:17,User 8,Lokal 5
922,Test,2022-04-09 05:10:22,User 2,Lokal 10
923,Test,2023-05-13 08:08:22,User 6,Lokal 1
924,Test,2023-12-11 03:09:19,User 2,Lokal 3
925,Test,2022-04-16 17:06:53,User 3,Lokal 1
926,Test,2022-07-26 01:11:43,User 5,Lokal 9
927,Test,2023-01-28 13:48:42,User 3,Lokal 10
928,Test,2022-06-10 19:41:25,User 7,Lokal 6
929,Test,2023-01-12 07:34:32,User 4,Lokal 7
930,Test,2023-10-15 22:27:41,User 2,Lokal 10
931,Test,2023-12-05 20:56:06,User 7,Lokal 10
932,Test,2023-11-23 15:26:41,User 1,Lokal 9
933,Test,2022-08-21 18:29:22,User 9,Lokal 4
934,Test,2022-12-15 12:04:52,User 1,Lokal 2
935,Test,2023-05-23 22:37:00,User 8,Lokal 10
936,Test,2022-05-13 16:34:41,User 2,Lokal 9
937,Test,2023-01-21 12:53:03,User 4,Lokal 1
938,Test,2022-11-16 18:37:09,User 9,Lokal 6
939,Test,2023-12-10 18:30:10,User 4,Lokal 10
940,Test,2023-11-24 13:21:43,User 3,Lokal 3
941,Test,2022-08-06 05:29:47,User 4,Lokal 3
942,Test,2023-06-02 16:47:02,User 2,Lokal 4
943,Test,2023-02-22 10:31:07,User 8,Lokal 9
944,Test,2022-09-17 15:21:42,User 8,Lokal 4
945,Test,2023-05-06 21:53:02,User 9,Lokal 5
946,Test,2023-01-16 16:28:44,User 4,Lokal 7
947,Test,2022-09-17 03:05:47,User 7,Lokal 6
948,Test,2022-11-15 14:28:49,User 7,Lokal 3
949,Test,2023-01-19 18:34:21,User 4,Lokal 5
950,Test,2023-08-19 23:15:51,User 9,Lokal 10
951,Test,2022-02-01 15:35:45,User 1,Lokal 6
952,Test,2022-05-02 09:09:14,User 3,Lokal 8
953,Test,2022-10-24 15:43:22,User 1,Lokal 2
954,Test,2022-07-22 08:36:32,User 10,Lokal 2
955,Test,2022-05-17 06:01:03,User 4,Lokal 6
956,Test,2023-03-04 17:45:20,User 4,Lokal 6
957,Test,2022-01-01 10:16:34,User 4,Lokal 5
958,Test,2023-02-08 09:44:41,User 8,Lokal 2
959,Test,2023-11-26 23:15:36,User 4,Lokal 8
960,Test,2023-05-05 21:35:19,User 5,Lokal 7
961,Test,2022-11-14 12:10:06,User 6,Lokal 9
962,Test,2023-09-11 02:42:40,User 6,Lokal 3
963,Test,2023-10-04 19:18:28,User 10,Lokal 9
964,Test,2022-07-23 06:19:39,User 8,Lokal 4
965,Test,2023-06-04 04:04:12,User 1,Lokal 9
966,Test,2022-08-16 04:18:27,User 1,Lokal 10
967,Test,2023-08-21 18:37:31,User 10,Lokal 1
968,Test,2023-09-28 03:45:44,User 1,Lokal 5
969,Test,2023-04-12 19:22:06,User 1,Lokal 4
970,Test,2022-08-30 07:13:20,User 10,Lokal 3
971,Test,2022-11-12 03:33:01,User 10,Lokal 6
972,Test,2023-04-09 21:42:14,User 1,Lokal 1
973,Test,2023-11-04 08:29:23,User 3,Lokal 5
974,Test,2022-03-30 10:06:29,User 2,Lokal 5
975,Test,2022-05-26 14:08:11,User 5,Lokal 5
976,Test,2022-02-03 03:17:22,User 2,Lokal 9
977,Test,2022-01-20 12:24:26,User 1,Lokal 5
978,Test,2023-10-30 06:57:40,User 10,Lokal 2
979,Test,2022-08-26 05:45:11,User 4,Lokal 9
980,Test,2023-01-28 22:55:14,User 2,Lokal 9
981,Test,2022-05-02 06:07:57,User 9,Lokal 10
982,Test,2023-02-23 10:11:44,User 5,Lokal 2
983,Test,2023-06-01 21:45:18,User 5,Lokal 5
984,Test,2023-07-09 14:34:07,User 10,Lokal 6
985,Test,2022-02-22 15:15:07,User 4,Lokal 7
986,Test,2023-05-10 15:31:37,User 1,Lokal 6
987,Test,2023-02-20 09:06:56,User 8,Lokal 6
988,Test,2022-10-18 10:00:06,User 10,Lokal 4
989,Test,2022-10-28 15:15:04,User 2,Lokal 8
990,Test,2022-05-17 20:49:31,User 4,Lokal 7
991,Test,2023-08-13 06:11:34,User 7,Lokal 6
992,Test,2023-04-18 19:49:45,User 10,Lokal 10
993,Test,2023-08-20 13:43:04,User 6,Lokal 3
994,Test,2022-01-21 10:25:18,User 3,Lokal 6
995,Test,2022-04-28 15:08:46,User 4,Lokal 1
996,Test,2023-11-02 00:35:22,User 1,Lokal 8
997,Test,2022-12-27 01:35:19,User 8,Lokal 9
998,Test,2022-08-04 09:56:30,User 5,Lokal 4
999,Test,2022-02-12 18:06:50,User 7,Lokal 6
1000,Test,2022-10-05 02:32:19,User 6,Lokal 9